VehicleId,LoadCap,FuelCap,RouteSequence,Municipalities,DemandSatisfied,InitialLoad,InitialFuel,Distance,Time,TotalCost
V001,130,5.666666666666667,CD01-C020-CD01,1,15,15,0.44704,13.4112,25.40666666666667,7286.752
V002,140,6.666666666666667,CD01-C006-C018-C005-C008-C011-C009-C017-CD01,7,17-12-20-20-17-20-25,131,1.6629199999999997,49.88759999999999,86.72500000000001,27105.595999999998
V003,120,6.0,CD01-C013-C022-C015-C004-C001-C024-C016-C010-CD01,8,21-18-17-15-13-11-10-15,120,1.5475866666666669,46.427600000000005,77.35000000000002,25225.66266666667
V004,100,3.0,CD01-C010-C016-C003-CD01,3,15-10-12,37,2.0832133333333336,62.4964,87.32166666666666,33956.37733333334
V005,70,3.3333333333333335,CD01-C006-C010-C014-C023-CD01,4,17-15-15-15,62,2.0449566666666668,61.3487,87.79166666666667,33332.79366666667
V006,55,5.666666666666667,CD01-C013-C014-CD01,2,21-15,36,1.1658933333333332,34.9768,51.365,19004.061333333335
V007,110,5.0,CD01-C002-C019-C007-C021-CD01,4,15-11-17-14,57,1.2596066666666665,37.788199999999996,58.806666666666665,20531.588666666667
V008,114,4.666666666666667,CD01-C023-C012-CD01,2,15-12,27,0.6146633333333333,18.4399,31.973333333333333,10019.012333333334
