VehicleId,LoadCap,FuelCap,RouteSequence,Municipalities,DemandSatisfied,InitialLoad,InitialFuel,Distance,Time,TotalCost
V001,130,5.666666666666667,CD01-C014-C006-C013-C007-C019-C020-C012-CD01,7,15-17-21-17-11-15-12,108,2.5517733333333337,76.5532,121.32499999999999,41593.905333333336
V002,140,6.666666666666667,CD01-C001-C004-C022-C015-C010-C016-C024-C009-C005-CD01,9,13-15-18-17-15-10-11-20-20,139,2.96914,89.07419999999999,141.4633333333333,48396.981999999996
V003,120,6.0,CD01-C011-C017-C018-C021-C002-C023-C008-CD01,7,17-25-12-14-15-15-20,118,4.35009,130.5027,189.70999999999998,70906.467
V004,100,3.0,CD01-C003-CD01,1,12,12,0.9319799999999999,27.9594,51.77333333333333,15191.274000000001
V005,70,3.3333333333333335,CD01-CD01,0,0,0,0.0,0.0,0.0,0.0
V006,55,5.666666666666667,CD01-CD01,0,0,0,0.0,0.0,0.0,0.0
V007,110,5.0,CD01-CD01,0,0,0,0.0,0.0,0.0,0.0
V008,114,4.666666666666667,CD01-CD01,0,0,0,0.0,0.0,0.0,0.0
