VehicleId,LoadCap,FuelCap,RouteSequence,Municipalities,DemandSatisfied,InitialLoad,InitialFuel,Distance,Time,TotalCost
V001,130,5.666666666666667,CD01-C018-C001-C010-C024-CD01,4,13-15-12-11,51,1.4096233333333332,42.2887,70.12,22976.860333333334
V002,140,6.666666666666667,CD01-C008-C011-C009-C017-C024-C016-C010-C004-CD01,8,15-20-20-15-17-10-25-11,133,2.2230100000000004,66.69030000000001,113.33666666666669,36235.06300000001
V003,120,6.0,CD01-C022-C015-C004-C001-C016-C018-CD01,6,13-15-17-10-12-18,85,1.8332466666666667,54.9974,83.34,29881.92066666667
V004,100,3.0,CD01-C008-C011-C017-CD01,3,20-17-25,62,1.4281366666666668,42.844100000000005,65.66666666666667,23278.62766666667
V005,70,3.3333333333333335,CD01-C012-C013-C024-CD01,3,12-21-11,44,1.4735800000000003,44.20740000000001,66.27,24019.354000000007
V006,55,5.666666666666667,CD01-C007-CD01,1,17,17,0.82566,24.7698,36.54,13458.258000000002
V007,110,5.0,CD01-C001-C016-CD01,2,13-10,23,1.15241,34.5723,53.05166666666667,18784.283
V008,114,4.666666666666667,CD01-C019-C021-C007-C005-C016-CD01,5,20-17-10-11-14,72,2.58363,77.5089,109.80833333333332,42113.169
