VehicleId,LoadCap,FuelCap,RouteSequence,Municipalities,DemandSatisfied,InitialLoad,InitialFuel,Distance,Time,TotalCost
V001,131.9211396722696,4.167202027567556,CD01-C003-C005-C006-C004-C001-C002-C009-C007-C008-CD01,9,15-5-11-6-12-15-15-12-10,101,2.66526,93.2841,130.14666666666665,1315768.6546666664
V002,108.4356199315333,37.274456322331574,CD01-CD01,0,0,0,0.0,0.0,0.0,0.0
V003,91.50425520531196,27.233503103147545,CD01-CD01,0,0,0,0.0,0.0,0.0,0.0
V004,32.896064077536955,0.4943515482131065,CD01-CD01,0,0,0,0.0,0.0,0.0,0.0
V005,22.65262807032524,0.4750765751645113,CD01-CD01,0,0,0,0.0,0.0,0.0,0.0
V006,22.682911535937688,0.3886517354082637,CD01-CD01,0,0,0,0.0,0.0,0.0,0.0
